sha_full	sha_short	date	kind	branch_ref	module_ref	old_subject	proposed_subject
768651bce9721f5101ecb5a87558db4717b1cd85	768651bc	2026-09-19	module->dev	provider-frontend-domain-parity	provider-frontend-domain-parity	Merge module/provider-frontend-domain-parity into dev (web + mobile: add the real Subscription screen, final of 6 backend-gap domains)	Merge module/<<new-module>> into dev (<<scope>>: <<feature>>)
0a8fbe684fc2c47276e1af424902dd3c0ffd7f4f	0a8fbe68	2026-09-19	module->dev	provider-frontend-domain-parity	provider-frontend-domain-parity	Merge module/provider-frontend-domain-parity into dev (web + mobile: add the real Promotions screen; fix Sheet/CenterModal overflow bug)	Merge module/<<new-module>> into dev (<<scope>>: <<feature>>)
1e03513b49d59dd32d600630ab693e8f43b8f8cc	1e03513b	2026-09-19	module->dev	provider-frontend-domain-parity	provider-frontend-domain-parity	Merge module/provider-frontend-domain-parity into dev (web + mobile: add the real Equipment screen with assign/retire)	Merge module/<<new-module>> into dev (<<scope>>: <<feature>>)
477b12461869ae02fcb9175921354d251312f9d5	477b1246	2026-09-19	module->dev	provider-frontend-domain-parity	provider-frontend-domain-parity	Merge module/provider-frontend-domain-parity into dev (web + mobile: add the real Job Assignments screen)	Merge module/<<new-module>> into dev (<<scope>>: <<feature>>)
1d3f3be2ec63ecac256016c18628a761a2315df1	1d3f3be2	2026-09-19	module->dev	provider-frontend-domain-parity	provider-frontend-domain-parity	Merge module/provider-frontend-domain-parity into dev (web + mobile: add the real Disputes screen)	Merge module/<<new-module>> into dev (<<scope>>: <<feature>>)
204011664ba083c0b52fc77ad433db9fdb67b3bb	20401166	2026-09-19	module->dev	provider-frontend-domain-parity	provider-frontend-domain-parity	Merge module/provider-frontend-domain-parity into dev (web + mobile: add the real Safety screen, wire it into Support)	Merge module/<<new-module>> into dev (<<scope>>: <<feature>>)
1d71ad04c9abfb1a12cc2dcb37bda6602850e9f9	1d71ad04	2026-09-19	module->dev	provider-frontend-domain-parity	provider-frontend-domain-parity	Merge module/provider-frontend-domain-parity into dev (web + mobile: wire Support to real tickets + message thread)	Merge module/<<new-module>> into dev (<<scope>>: <<feature>>)
5e5d963309cc76e3fa9b644f3557cf34440aff0c	5e5d9633	2026-09-19	module->dev	provider-frontend-domain-parity	provider-frontend-domain-parity	Merge module/provider-frontend-domain-parity into dev (web + mobile: wire Customers to real business-customer CRUD)	Merge module/<<new-module>> into dev (<<scope>>: <<feature>>)
34e646a4840266fee28f04aceddd54e0516985ef	34e646a4	2026-09-19	module->dev	provider-frontend-domain-parity	provider-frontend-domain-parity	Merge module/provider-frontend-domain-parity into dev (web + mobile: wire Team to real member CRUD + deactivate)	Merge module/<<new-module>> into dev (<<scope>>: <<feature>>)
038f63757aaa068588fab556518233d26a88ed35	038f6375	2026-09-19	module->dev	provider-frontend-domain-parity	provider-frontend-domain-parity	Merge module/provider-frontend-domain-parity into dev (web + mobile: wire Portfolio to real CRUD)	Merge module/<<new-module>> into dev (<<scope>>: <<feature>>)
5247eadd7c7f53c657e22462e62fa87289612d7f	5247eadd	2026-09-19	module->dev	provider-frontend-domain-parity	provider-frontend-domain-parity	Merge module/provider-frontend-domain-parity into dev (web + mobile: wire Reviews to the real ratings domain, drop reply UI)	Merge module/<<new-module>> into dev (<<scope>>: <<feature>>)
8977ad569af573ab3b9a7be16ba0511ec097093b	8977ad56	2026-09-19	module->dev	provider-frontend-domain-parity	provider-frontend-domain-parity	Merge module/provider-frontend-domain-parity into dev (web + mobile: wire Performance to real ranking + KPI data)	Merge module/<<new-module>> into dev (<<scope>>: <<feature>>)
0ceb1edec031abfefa58cfa9241a057d72b0ea99	0ceb1ede	2026-09-19	page->module	provider-subscription-parity	provider-frontend-domain-parity	Merge page/provider-subscription-parity into module/provider-frontend-domain-parity (web + mobile: add the real Subscription screen, final of 6 backend-gap domains)	Merge page/<<new-page>> into module/<<new-module>> (<<scope>>: <<feature>>)
11611114d95ef414c65b538c4527d37a511d150b	11611114	2026-09-19	page->module	provider-promotions-parity	provider-frontend-domain-parity	Merge page/provider-promotions-parity into module/provider-frontend-domain-parity (web + mobile: add the real Promotions screen; fix Sheet/CenterModal overflow bug)	Merge page/<<new-page>> into module/<<new-module>> (<<scope>>: <<feature>>)
c4e121be37e87d77baf3f28fdcf83ec80f9501f7	c4e121be	2026-09-19	module->dev	provider-frontend-domain-parity	provider-frontend-domain-parity	Merge module/provider-frontend-domain-parity into dev (web + mobile: wire Earnings to the real backend, drop fabricated panels)	Merge module/<<new-module>> into dev (<<scope>>: <<feature>>)
b80cb67dd6d321f4e5da4d1d36bb547025439ac3	b80cb67d	2026-09-19	module->dev	provider-frontend-domain-parity	provider-frontend-domain-parity	Merge module/provider-frontend-domain-parity into dev (web: wire Notifications side panels; mobile: build the real Notifications feed)	Merge module/<<new-module>> into dev (<<scope>>: <<feature>>)
47ced178e25c1122c0200a4c253d56d781e9d74b	47ced178	2026-09-19	module->dev	provider-frontend-domain-parity	provider-frontend-domain-parity	Merge module/provider-frontend-domain-parity into dev (mobile: build the real Messages screen, a genuinely missing feature)	Merge module/<<new-module>> into dev (<<scope>>: <<feature>>)
e1629ee8a0cc9c2e1a1d525dceb24b0913441e77	e1629ee8	2026-09-19	page->module	provider-equipment-parity	provider-frontend-domain-parity	Merge page/provider-equipment-parity into module/provider-frontend-domain-parity (web + mobile: add the real Equipment screen with assign/retire)	Merge page/<<new-page>> into module/<<new-module>> (<<scope>>: <<feature>>)
a1b0a5472f0740b0b0e02b8ae02c1fa40514f48f	a1b0a547	2026-09-19	page->module	provider-job-assignments-parity	provider-frontend-domain-parity	Merge page/provider-job-assignments-parity into module/provider-frontend-domain-parity (web + mobile: add the real Job Assignments screen)	Merge page/<<new-page>> into module/<<new-module>> (<<scope>>: <<feature>>)
c541d5bef578c7c99f92931656e17b50998f68be	c541d5be	2026-09-19	page->module	provider-disputes-parity	provider-frontend-domain-parity	Merge page/provider-disputes-parity into module/provider-frontend-domain-parity (web + mobile: add the real Disputes screen)	Merge page/<<new-page>> into module/<<new-module>> (<<scope>>: <<feature>>)
804964d6593c6113f08cc669ba6a388e3443104e	804964d6	2026-09-19	page->module	provider-safety-parity	provider-frontend-domain-parity	Merge page/provider-safety-parity into module/provider-frontend-domain-parity (web + mobile: add the real Safety screen, wire it into Support)	Merge page/<<new-page>> into module/<<new-module>> (<<scope>>: <<feature>>)
5013a18da45dfd7fb53d20835bc082553ae11e3d	5013a18d	2026-09-19	page->module	provider-support-parity	provider-frontend-domain-parity	Merge page/provider-support-parity into module/provider-frontend-domain-parity (web + mobile: wire Support to real tickets + message thread)	Merge page/<<new-page>> into module/<<new-module>> (<<scope>>: <<feature>>)
c068dc37c57297163e2a2bda6800e547ad0220e8	c068dc37	2026-09-19	page->module	provider-customers-parity	provider-frontend-domain-parity	Merge page/provider-customers-parity into module/provider-frontend-domain-parity (web + mobile: wire Customers to real business-customer CRUD)	Merge page/<<new-page>> into module/<<new-module>> (<<scope>>: <<feature>>)
9e5550d7570b6c8f72e0b1b049f4c605f5cacd43	9e5550d7	2026-09-19	page->module	provider-team-parity	provider-frontend-domain-parity	Merge page/provider-team-parity into module/provider-frontend-domain-parity (web + mobile: wire Team to real member CRUD + deactivate)	Merge page/<<new-page>> into module/<<new-module>> (<<scope>>: <<feature>>)
e211decc34db2f2c110127f437eb0c44b46737d6	e211decc	2026-09-19	page->module	provider-portfolio-parity	provider-frontend-domain-parity	Merge page/provider-portfolio-parity into module/provider-frontend-domain-parity (web + mobile: wire Portfolio to real CRUD)	Merge page/<<new-page>> into module/<<new-module>> (<<scope>>: <<feature>>)
bab786723970582d943f9c1955c7fbe9c4d99452	bab78672	2026-09-19	page->module	provider-reviews-parity	provider-frontend-domain-parity	Merge page/provider-reviews-parity into module/provider-frontend-domain-parity (web + mobile: wire Reviews to the real ratings domain, drop reply UI)	Merge page/<<new-page>> into module/<<new-module>> (<<scope>>: <<feature>>)
2830a44104092ab3c9147ef63018a02626ada38a	2830a441	2026-09-19	page->module	provider-performance-parity	provider-frontend-domain-parity	Merge page/provider-performance-parity into module/provider-frontend-domain-parity (web + mobile: wire Performance to real ranking + KPI data)	Merge page/<<new-page>> into module/<<new-module>> (<<scope>>: <<feature>>)
dc71d7add25483c75317b4af8dfcfeaaca9994db	dc71d7ad	2026-09-19	page->module	provider-earnings-parity	provider-frontend-domain-parity	Merge page/provider-earnings-parity into module/provider-frontend-domain-parity (web + mobile: wire Earnings to the real backend, drop fabricated panels)	Merge page/<<new-page>> into module/<<new-module>> (<<scope>>: <<feature>>)
b627e183f8fb063131ad9c7b93523e497d8507e1	b627e183	2026-09-19	page->module	provider-notifications-parity	provider-frontend-domain-parity	Merge page/provider-notifications-parity into module/provider-frontend-domain-parity (web: wire Notifications side panels; mobile: build the real Notifications feed)	Merge page/<<new-page>> into module/<<new-module>> (<<scope>>: <<feature>>)
8dcd2b8c4c0c9a0b8c5c2b3f1a70b9e20b0ca18e	8dcd2b8c	2026-09-19	module->dev	provider-app-mobile-build	provider-app-mobile-build	Merge module/provider-app-mobile-build into dev (persistent labels on the two remaining placeholder-only forms)	Merge module/<<new-module>> into dev (<<scope>>: <<feature>>)
9f50d67ffeb760c44cdfe701ebb642fba02703ec	9f50d67f	2026-09-19	page->module	provider-messages	provider-frontend-domain-parity	Merge page/provider-messages into module/provider-frontend-domain-parity (mobile: build the real Messages screen, a genuinely missing feature)	Merge page/<<new-page>> into module/<<new-module>> (<<scope>>: <<feature>>)
84908152d976b5e7ea8b6df20a483c3f65622ec1	84908152	2026-09-19	module->dev	provider-app-mobile-build	provider-app-mobile-build	Merge module/provider-app-mobile-build into dev (persistent field labels everywhere, extract shared Field)	Merge module/<<new-module>> into dev (<<scope>>: <<feature>>)
fa06cc8befeb2c3e2015ff5b7577304a07248c00	fa06cc8b	2026-09-19	module->dev	provider-app-mobile-build	provider-app-mobile-build	Merge module/provider-app-mobile-build into dev (today-marker on calendar, tab-header consistency, service-name display)	Merge module/<<new-module>> into dev (<<scope>>: <<feature>>)
488e3931b49a111145f1752de1d3d414a76afb64	488e3931	2026-09-19	module->dev	provider-app-mobile-build	provider-app-mobile-build	Merge module/provider-app-mobile-build into dev (equalize MetricCard row heights, humanize raw enum codes)	Merge module/<<new-module>> into dev (<<scope>>: <<feature>>)
580478845f96cad4cb110a40b89612648799a63d	58047884	2026-09-19	module->dev	provider-app-mobile-build	provider-app-mobile-build	Merge module/provider-app-mobile-build into dev (use the real registered client ids in provider-app)	Merge module/<<new-module>> into dev (<<scope>>: <<feature>>)
bf8b7a3ee3940b82b512364446dd59c9cf164542	bf8b7a3e	2026-09-19	module->dev	provider-app-mobile-build	provider-app-mobile-build	Merge module/provider-app-mobile-build into dev (build the 7-step provider onboarding wizard)	Merge module/<<new-module>> into dev (<<scope>>: <<feature>>)
1608ebcc58eaa9d79a9316d594a926cf3dfb4a16	1608ebcc	2026-09-19	module->dev	provider-app-mobile-build	provider-app-mobile-build	Merge module/provider-app-mobile-build into dev (Sub-phase M-G - profile hub, business, pricing, services, areas, documents, settings)	Merge module/<<new-module>> into dev (<<scope>>: <<feature>>)
ff13c59104c51ae7e10233c578d236e0fa3038c3	ff13c591	2026-09-19	module->dev	provider-app-mobile-build	provider-app-mobile-build	Merge module/provider-app-mobile-build into dev (Sub-phase M-F - wallet, payouts, and invoices)	Merge module/<<new-module>> into dev (<<scope>>: <<feature>>)
4b6cf0e0f1836d19ed29c789cb3c64a9dfe3df31	4b6cf0e0	2026-09-19	module->dev	provider-app-mobile-build	provider-app-mobile-build	Merge module/provider-app-mobile-build into dev (Sub-phase M-E - calendar and availability)	Merge module/<<new-module>> into dev (<<scope>>: <<feature>>)
0f4d533b709082182a34679c59790971ab8f37a7	0f4d533b	2026-09-19	module->dev	provider-app-mobile-build	provider-app-mobile-build	Merge module/provider-app-mobile-build into dev (Sub-phase M-D - requests, quotes, and full booking execution)	Merge module/<<new-module>> into dev (<<scope>>: <<feature>>)
ce9bc4db15736b659539d8b4574fce2e0a124e3c	ce9bc4db	2026-09-19	module->dev	provider-app-mobile-build	provider-app-mobile-build	Merge module/provider-app-mobile-build into dev (Sub-phase M-C - build the real provider Dashboard screen)	Merge module/<<new-module>> into dev (<<scope>>: <<feature>>)
1afaa3580bfd54d481c7cb7bc8d3516a25a0ab40	1afaa358	2026-09-19	module->dev	provider-app-mobile-build	provider-app-mobile-build	Merge module/provider-app-mobile-build into dev (scaffold provider-app and build the real auth flow)	Merge module/<<new-module>> into dev (<<scope>>: <<feature>>)
f1d39a51c9304080e3efbaea2904bf59c7121924	f1d39a51	2026-09-19	module->dev	provider-app-mobile-build	provider-app-mobile-build	Merge module/provider-app-mobile-build into dev (move customer app into mobile/user-app/)	Merge module/<<new-module>> into dev (<<scope>>: <<feature>>)
80dcc14755e5a12cbcf869397adc84334ba66b1c	80dcc147	2026-09-19	page->module	mobile-provider-labels-remaining	provider-app-mobile-build	Merge page/mobile-provider-labels-remaining into module/provider-app-mobile-build (persistent labels on the two remaining placeholder-only forms)	Merge page/<<new-page>> into module/<<new-module>> (<<scope>>: <<feature>>)
1f31dc6bff297efca055ac7c5c7a1e745b59abe4	1f31dc6b	2026-09-19	page->module	mobile-provider-field-labels	provider-app-mobile-build	Merge page/mobile-provider-field-labels into module/provider-app-mobile-build (persistent field labels everywhere, extract shared Field)	Merge page/<<new-page>> into module/<<new-module>> (<<scope>>: <<feature>>)
0331e909dc8edb72b9e44b456944e5cb47965214	0331e909	2026-09-19	page->module	mobile-provider-calendar-polish	provider-app-mobile-build	Merge page/mobile-provider-calendar-polish into module/provider-app-mobile-build (today-marker on calendar, tab-header consistency, service-name display)	Merge page/<<new-page>> into module/<<new-module>> (<<scope>>: <<feature>>)
bd5b92d97975eaf3bbb6f3cd9994f8bc243a5c7a	bd5b92d9	2026-09-19	page->module	mobile-provider-metriccard-fix	provider-app-mobile-build	Merge page/mobile-provider-metriccard-fix into module/provider-app-mobile-build (equalize MetricCard row heights, humanize raw enum codes)	Merge page/<<new-page>> into module/<<new-module>> (<<scope>>: <<feature>>)
188584970800345f9e92cca76f1d98712588988a	18858497	2026-09-19	page->module	mobile-provider-client-id-fix	provider-app-mobile-build	Merge page/mobile-provider-client-id-fix into module/provider-app-mobile-build (use the real registered client ids in provider-app)	Merge page/<<new-page>> into module/<<new-module>> (<<scope>>: <<feature>>)
212a99a22b805052f52a9c65d5cdd0d2c4133bab	212a99a2	2026-09-19	page->module	mobile-provider-onboarding-wizard	provider-app-mobile-build	Merge page/mobile-provider-onboarding-wizard into module/provider-app-mobile-build (build the 7-step provider onboarding wizard)	Merge page/<<new-page>> into module/<<new-module>> (<<scope>>: <<feature>>)
5a05866c9e54a7b9475c2ef612c0b5d94f3d5949	5a05866c	2026-09-19	page->module	mobile-provider-profile-suite	provider-app-mobile-build	Merge page/mobile-provider-profile-suite into module/provider-app-mobile-build (Sub-phase M-G - profile hub, business, pricing, services, areas, documents, settings)	Merge page/<<new-page>> into module/<<new-module>> (<<scope>>: <<feature>>)
190822df871314c9b03475623a58ee6debc6552b	190822df	2026-09-19	page->module	mobile-provider-wallet-invoices	provider-app-mobile-build	Merge page/mobile-provider-wallet-invoices into module/provider-app-mobile-build (Sub-phase M-F - wallet, payouts, and invoices)	Merge page/<<new-page>> into module/<<new-module>> (<<scope>>: <<feature>>)
29a3a6626964a107a0ccb1c5a3028da278a5a748	29a3a662	2026-09-19	page->module	mobile-provider-calendar-availability	provider-app-mobile-build	Merge page/mobile-provider-calendar-availability into module/provider-app-mobile-build (Sub-phase M-E - calendar and availability)	Merge page/<<new-page>> into module/<<new-module>> (<<scope>>: <<feature>>)
63763f5c80a4cf5edd1a3349446ced78c60c89eb	63763f5c	2026-09-19	page->module	mobile-provider-requests-booking	provider-app-mobile-build	Merge page/mobile-provider-requests-booking into module/provider-app-mobile-build (Sub-phase M-D - requests, quotes, and full booking execution)	Merge page/<<new-page>> into module/<<new-module>> (<<scope>>: <<feature>>)
7eeba00e610246e0c2a949931688e75702091788	7eeba00e	2026-09-19	page->module	mobile-provider-dashboard	provider-app-mobile-build	Merge page/mobile-provider-dashboard into module/provider-app-mobile-build (Sub-phase M-C - build the real provider Dashboard screen)	Merge page/<<new-page>> into module/<<new-module>> (<<scope>>: <<feature>>)
b73e7787be531f517373f2aad6c579f44373f7da	b73e7787	2026-09-19	page->module	mobile-provider-scaffold-auth	provider-app-mobile-build	Merge page/mobile-provider-scaffold-auth into module/provider-app-mobile-build (scaffold provider-app and build the real auth flow)	Merge page/<<new-page>> into module/<<new-module>> (<<scope>>: <<feature>>)
7bd0de2b3456c63ef5149abdae0409fa283bebd6	7bd0de2b	2026-09-19	page->module	mobile-restructure-user-app	provider-app-mobile-build	Merge page/mobile-restructure-user-app into module/provider-app-mobile-build (move customer app into mobile/user-app/)	Merge page/<<new-page>> into module/<<new-module>> (<<scope>>: <<feature>>)
6d19f71ee82a590972100d5d6b2010d3e53f758d	6d19f71e	2026-09-19	module->dev	web-provider-backend-wiring	web-provider-backend-wiring	Merge module/web-provider-backend-wiring into dev (add forgot/reset-password flow)	Merge module/<<new-module>> into dev (<<scope>>: <<feature>>)
780a768a99f6ecadddca5383794ab0cba9c1e0d2	780a768a	2026-09-19	module->dev	web-provider-backend-wiring	web-provider-backend-wiring	Merge module/web-provider-backend-wiring into dev (wire promotions View Terms to real content)	Merge module/<<new-module>> into dev (<<scope>>: <<feature>>)
bd25007927c166e5314cce78563d544fc16ed9af	bd250079	2026-09-19	module->dev	web-provider-backend-wiring	web-provider-backend-wiring	Merge module/web-provider-backend-wiring into dev (wire settings and documents to the real backend)	Merge module/<<new-module>> into dev (<<scope>>: <<feature>>)
bc7a3466ab8b37cc287c8a46b87a560f263a46ff	bc7a3466	2026-09-19	module->dev	web-provider-backend-wiring	web-provider-backend-wiring	Merge module/web-provider-backend-wiring into dev (wire profile edit to the real updateProfile())	Merge module/<<new-module>> into dev (<<scope>>: <<feature>>)
0070c5130a00fff08ea9f23354e8518237a95ac2	0070c513	2026-09-19	module->dev	web-provider-backend-wiring	web-provider-backend-wiring	Merge module/web-provider-backend-wiring into dev (registration form missing required email field)	Merge module/<<new-module>> into dev (<<scope>>: <<feature>>)
64da73c15d97728861088c14f58fe768ff9afad7	64da73c1	2026-09-19	module->dev	web-provider-backend-wiring	web-provider-backend-wiring	Merge module/web-provider-backend-wiring into dev (wire service areas to the real backend)	Merge module/<<new-module>> into dev (<<scope>>: <<feature>>)
1896fc1649c74c133b1001e1ccd626d7dfb903ae	1896fc16	2026-09-19	module->dev	web-provider-backend-wiring	web-provider-backend-wiring	Merge module/web-provider-backend-wiring into dev (wire My Services to the real backend)	Merge module/<<new-module>> into dev (<<scope>>: <<feature>>)
69e9c3ea506556b755273a226e73b7cbef420f83	69e9c3ea	2026-09-19	module->dev	web-provider-backend-wiring	web-provider-backend-wiring	Merge module/web-provider-backend-wiring into dev (provider service list/submit bugs found wiring services.tsx)	Merge module/<<new-module>> into dev (<<scope>>: <<feature>>)
c47e145304d950cacc34faed3aa65759aa9994f7	c47e1453	2026-09-19	module->dev	web-provider-backend-wiring	web-provider-backend-wiring	Merge module/web-provider-backend-wiring into dev (wire pricing to the real 5-model backend)	Merge module/<<new-module>> into dev (<<scope>>: <<feature>>)
f297ff00f4e1d950a73fa41052f2c6b81bc8eff1	f297ff00	2026-09-19	module->dev	web-provider-backend-wiring	web-provider-backend-wiring	Merge module/web-provider-backend-wiring into dev (wire profile to the real backend)	Merge module/<<new-module>> into dev (<<scope>>: <<feature>>)
8359bd2226d8425e6cb791d1f6a833ccc0b76c11	8359bd22	2026-09-19	module->dev	web-provider-backend-wiring	web-provider-backend-wiring	Merge module/web-provider-backend-wiring into dev (login responses leaked the bcrypt password_hash to the client)	Merge module/<<new-module>> into dev (<<scope>>: <<feature>>)
f950d3be9f96855418326bbf43eb7bdf83ed275b	f950d3be	2026-09-19	module->dev	web-provider-backend-wiring	web-provider-backend-wiring	Merge module/web-provider-backend-wiring into dev (wire invoices to the real backend)	Merge module/<<new-module>> into dev (<<scope>>: <<feature>>)
8c490b9abe35883a86af2d3815c2cc6c72a30313	8c490b9a	2026-09-19	module->dev	web-provider-backend-wiring	web-provider-backend-wiring	Merge module/web-provider-backend-wiring into dev (wire wallet and payouts to the real backend)	Merge module/<<new-module>> into dev (<<scope>>: <<feature>>)
0782425523dcede50b837b5d18479828f6023625	07824255	2026-09-19	module->dev	web-provider-backend-wiring	web-provider-backend-wiring	Merge module/web-provider-backend-wiring into dev (wire calendar and availability to the real backend)	Merge module/<<new-module>> into dev (<<scope>>: <<feature>>)
e6049d7ca0cb03048a3e82e24b13dba32e41afab	e6049d7c	2026-09-19	module->dev	web-provider-backend-wiring	web-provider-backend-wiring	Merge module/web-provider-backend-wiring into dev (availability_router.py was never registered, day-of-week routes crashed)	Merge module/<<new-module>> into dev (<<scope>>: <<feature>>)
68cc45ec19dea53896038cedc30a347b209074e3	68cc45ec	2026-09-19	module->dev	web-provider-backend-wiring	web-provider-backend-wiring	Merge module/web-provider-backend-wiring into dev (wire bookings and job execution to the real backend)	Merge module/<<new-module>> into dev (<<scope>>: <<feature>>)
83f33c6e25a17ad75211b8c928ad3843d21aa2e8	83f33c6e	2026-09-19	module->dev	web-provider-backend-wiring	web-provider-backend-wiring	Merge module/web-provider-backend-wiring into dev (wallet, payout and notification routers missing the standard envelope)	Merge module/<<new-module>> into dev (<<scope>>: <<feature>>)
2039db97a08225839066805bc6c4bea6838790fa	2039db97	2026-09-19	module->dev	web-provider-backend-wiring	web-provider-backend-wiring	Merge module/web-provider-backend-wiring into dev (9 provider routers never wrapped responses in the standard envelope)	Merge module/<<new-module>> into dev (<<scope>>: <<feature>>)
34c51772737a8254d5a60bb3d2dfc9fbeb0cb4d0	34c51772	2026-09-19	module->dev	web-provider-backend-wiring	web-provider-backend-wiring	Merge module/web-provider-backend-wiring into dev (wire requests and quotations to the real backend)	Merge module/<<new-module>> into dev (<<scope>>: <<feature>>)
7d01f12c5c2554d78ef1372aa27142cdd160e0ad	7d01f12c	2026-09-19	module->dev	web-provider-backend-wiring	web-provider-backend-wiring	Merge module/web-provider-backend-wiring into dev (wire dashboard to the real backend)	Merge module/<<new-module>> into dev (<<scope>>: <<feature>>)
10426e692ad3b0341b66afa857995bb5584006aa	10426e69	2026-09-19	module->dev	web-provider-backend-wiring	web-provider-backend-wiring	Merge module/web-provider-backend-wiring into dev (wire onboarding to the real 7-step backend flow)	Merge module/<<new-module>> into dev (<<scope>>: <<feature>>)
114ba616c62ed03ad6fb2e1968306e5a6e664879	114ba616	2026-09-19	module->dev	web-provider-backend-wiring	web-provider-backend-wiring	Merge module/web-provider-backend-wiring into dev (provider payout methods were completely broken)	Merge module/<<new-module>> into dev (<<scope>>: <<feature>>)
af14bfd12d4e4f997d26be85f290a5140591a4e2	af14bfd1	2026-09-19	module->dev	web-provider-backend-wiring	web-provider-backend-wiring	Merge module/web-provider-backend-wiring into dev (generic authenticated file upload/serving endpoint)	Merge module/<<new-module>> into dev (<<scope>>: <<feature>>)
25e0272991d4ec2ab1179ace931b5ebf8f5c70b6	25e02729	2026-09-19	module->dev	web-provider-backend-wiring	web-provider-backend-wiring	Merge module/web-provider-backend-wiring into dev (wire provider registration and OTP verification to the real backend)	Merge module/<<new-module>> into dev (<<scope>>: <<feature>>)
115223a28d2876612c27c732be404c728f8a36bd	115223a2	2026-09-19	page->module	web-user-forgot-reset-password	web-provider-backend-wiring	Merge page/web-user-forgot-reset-password into module/web-provider-backend-wiring (add forgot/reset-password flow)	Merge page/<<new-page>> into module/<<new-module>> (<<scope>>: <<feature>>)
fc950e849c0271f4c3a345270036719f1d25ba92	fc950e84	2026-09-19	page->module	web-user-promotions-terms	web-provider-backend-wiring	Merge page/web-user-promotions-terms into module/web-provider-backend-wiring (wire promotions View Terms to real content)	Merge page/<<new-page>> into module/<<new-module>> (<<scope>>: <<feature>>)
f46cdd9deb1587083c4b19873fea290e6688dcf5	f46cdd9d	2026-09-19	page->module	provider-web-settings-documents	web-provider-backend-wiring	Merge page/provider-web-settings-documents into module/web-provider-backend-wiring (wire settings and documents to the real backend)	Merge page/<<new-page>> into module/<<new-module>> (<<scope>>: <<feature>>)
d73b7f30cf083da84c836454644c6024da980852	d73b7f30	2026-09-19	page->module	web-user-profile-edit	web-provider-backend-wiring	Merge page/web-user-profile-edit into module/web-provider-backend-wiring (wire profile edit to the real updateProfile())	Merge page/<<new-page>> into module/<<new-module>> (<<scope>>: <<feature>>)
b22a001d5174ba483e558c7977e84594846fa28e	b22a001d	2026-09-19	page->module	web-user-registration-email-fix	web-provider-backend-wiring	Merge page/web-user-registration-email-fix into module/web-provider-backend-wiring (registration form missing required email field)	Merge page/<<new-page>> into module/<<new-module>> (<<scope>>: <<feature>>)
7953f4f411ee0f84ba9afeb81335d1735b7179fb	7953f4f4	2026-09-19	page->module	provider-web-service-areas	web-provider-backend-wiring	Merge page/provider-web-service-areas into module/web-provider-backend-wiring (wire service areas to the real backend)	Merge page/<<new-page>> into module/<<new-module>> (<<scope>>: <<feature>>)
1612ee1bd6796e90f5fa70d870973200cb5d7f95	1612ee1b	2026-09-19	page->module	provider-web-my-services	web-provider-backend-wiring	Merge page/provider-web-my-services into module/web-provider-backend-wiring (wire My Services to the real backend)	Merge page/<<new-page>> into module/<<new-module>> (<<scope>>: <<feature>>)
9c29de07f3016de06c150723e4cd4bbbb19373cb	9c29de07	2026-09-19	page->module	backend-services-bugs-fix	web-provider-backend-wiring	Merge page/backend-services-bugs-fix into module/web-provider-backend-wiring (provider service list/submit bugs found wiring services.tsx)	Merge page/<<new-page>> into module/<<new-module>> (<<scope>>: <<feature>>)
938a0f25d7e083aa3e985d8676e783bcd8e38be8	938a0f25	2026-09-19	page->module	provider-web-pricing	web-provider-backend-wiring	Merge page/provider-web-pricing into module/web-provider-backend-wiring (wire pricing to the real 5-model backend)	Merge page/<<new-page>> into module/<<new-module>> (<<scope>>: <<feature>>)
6307a263650c8b4219857a4458eba2b2f5896f9d	6307a263	2026-09-19	page->module	provider-web-profile	web-provider-backend-wiring	Merge page/provider-web-profile into module/web-provider-backend-wiring (wire profile to the real backend)	Merge page/<<new-page>> into module/<<new-module>> (<<scope>>: <<feature>>)
d6bd81dd3226d5033118582a595a6ac530dff64e	d6bd81dd	2026-09-19	page->module	backend-password-hash-leak-fix	web-provider-backend-wiring	Merge page/backend-password-hash-leak-fix into module/web-provider-backend-wiring (login responses leaked the bcrypt password_hash to the client)	Merge page/<<new-page>> into module/<<new-module>> (<<scope>>: <<feature>>)
7a55a93c2d7fadd269781d4a154a408e52b3d7dc	7a55a93c	2026-09-19	page->module	provider-web-invoices	web-provider-backend-wiring	Merge page/provider-web-invoices into module/web-provider-backend-wiring (wire invoices to the real backend)	Merge page/<<new-page>> into module/<<new-module>> (<<scope>>: <<feature>>)
e858eea0bc430f5d42857268f2c5d3f4c9347aa4	e858eea0	2026-09-19	page->module	provider-web-wallet-payouts	web-provider-backend-wiring	Merge page/provider-web-wallet-payouts into module/web-provider-backend-wiring (wire wallet and payouts to the real backend)	Merge page/<<new-page>> into module/<<new-module>> (<<scope>>: <<feature>>)
0db4b0b8473685c09765c07cbd330e730863bb55	0db4b0b8	2026-09-19	page->module	provider-web-calendar-availability	web-provider-backend-wiring	Merge page/provider-web-calendar-availability into module/web-provider-backend-wiring (wire calendar and availability to the real backend)	Merge page/<<new-page>> into module/<<new-module>> (<<scope>>: <<feature>>)
c55e479fe15cb6285ac2468e2de2654464bc0494	c55e479f	2026-09-19	page->module	backend-availability-router-fix	web-provider-backend-wiring	Merge page/backend-availability-router-fix into module/web-provider-backend-wiring (availability_router.py was never registered, day-of-week routes crashed)	Merge page/<<new-page>> into module/<<new-module>> (<<scope>>: <<feature>>)
bbb022080cb2905ca165fde5956cb81bdb7920d3	bbb02208	2026-09-19	page->module	provider-web-bookings-execution	web-provider-backend-wiring	Merge page/provider-web-bookings-execution into module/web-provider-backend-wiring (wire bookings and job execution to the real backend)	Merge page/<<new-page>> into module/<<new-module>> (<<scope>>: <<feature>>)
831dc838a5ff7a366596d6b93ab3fb6bd786242e	831dc838	2026-09-19	page->module	backend-envelope-fix-wallet-notif	web-provider-backend-wiring	Merge page/backend-envelope-fix-wallet-notif into module/web-provider-backend-wiring (wallet, payout and notification routers missing the standard envelope)	Merge page/<<new-page>> into module/<<new-module>> (<<scope>>: <<feature>>)
963fb693992ef8c276a73ce250f72875ebdd7cec	963fb693	2026-09-19	page->module	backend-envelope-fix-9-routers	web-provider-backend-wiring	Merge page/backend-envelope-fix-9-routers into module/web-provider-backend-wiring (9 provider routers never wrapped responses in the standard envelope)	Merge page/<<new-page>> into module/<<new-module>> (<<scope>>: <<feature>>)
47d20a6368e37e3a7f759e449ac2e1a4469c78c2	47d20a63	2026-09-19	page->module	provider-web-requests-quotations	web-provider-backend-wiring	Merge page/provider-web-requests-quotations into module/web-provider-backend-wiring (wire requests and quotations to the real backend)	Merge page/<<new-page>> into module/<<new-module>> (<<scope>>: <<feature>>)
a3a88b23a5b0c9bd11a845c4f2ced6c81a28f440	a3a88b23	2026-09-19	page->module	provider-web-dashboard	web-provider-backend-wiring	Merge page/provider-web-dashboard into module/web-provider-backend-wiring (wire dashboard to the real backend)	Merge page/<<new-page>> into module/<<new-module>> (<<scope>>: <<feature>>)
a86aa01efdf471285793904f9509b6e7c79d69dc	a86aa01e	2026-09-19	page->module	provider-web-onboarding	web-provider-backend-wiring	Merge page/provider-web-onboarding into module/web-provider-backend-wiring (wire onboarding to the real 7-step backend flow)	Merge page/<<new-page>> into module/<<new-module>> (<<scope>>: <<feature>>)
1e218412efbbaf116369a90e48cf712d35634c76	1e218412	2026-09-19	page->module	backend-payout-methods-fix	web-provider-backend-wiring	Merge page/backend-payout-methods-fix into module/web-provider-backend-wiring (provider payout methods were completely broken)	Merge page/<<new-page>> into module/<<new-module>> (<<scope>>: <<feature>>)
c7457f37ec25f6a63fb66ac97ee879ac09d23517	c7457f37	2026-09-19	page->module	backend-file-upload-endpoint	web-provider-backend-wiring	Merge page/backend-file-upload-endpoint into module/web-provider-backend-wiring (generic authenticated file upload/serving endpoint)	Merge page/<<new-page>> into module/<<new-module>> (<<scope>>: <<feature>>)
c2d18ce26041b3890744e44f6b802e02859ffced	c2d18ce2	2026-09-19	module->dev	cicd-security-hardening	cicd-security-hardening	Merge module/cicd-security-hardening into dev (security.yml iac job hard-fail fix)	Merge module/<<new-module>> into dev (<<scope>>: <<feature>>)
8b63ceb4e72081c61b23ff1f5af2f8940a485a19	8b63ceb4	2026-09-19	page->module	provider-web-registration-otp	web-provider-backend-wiring	Merge page/provider-web-registration-otp into module/web-provider-backend-wiring (wire provider registration and OTP verification to the real backend)	Merge page/<<new-page>> into module/<<new-module>> (<<scope>>: <<feature>>)
d7dce9775527ddebf8986d172f6229142d934415	d7dce977	2026-09-19	module->dev	cicd-security-hardening	cicd-security-hardening	Merge module/cicd-security-hardening into dev (Phase 8 - deploy-production.yml, blue/green, rollback, runbooks)	Merge module/<<new-module>> into dev (<<scope>>: <<feature>>)
2154c047af7d7982e9e0e184d6895d33d4662d8e	2154c047	2026-09-19	module->dev	cicd-security-hardening	cicd-security-hardening	Merge module/cicd-security-hardening into dev (Phase 7 - deploy-staging.yml)	Merge module/<<new-module>> into dev (<<scope>>: <<feature>>)
449d5dedeec6208c438fefe98a3b5f63cc5ecf61	449d5ded	2026-09-19	module->dev	cicd-security-hardening	cicd-security-hardening	Merge module/cicd-security-hardening into dev (Phase 6 - build.yml, hardened Dockerfile, signed artifacts)	Merge module/<<new-module>> into dev (<<scope>>: <<feature>>)
4dafc199a80f8134e83a369235d1f9a5f3a30398	4dafc199	2026-09-19	module->dev	cicd-security-hardening	cicd-security-hardening	Merge module/cicd-security-hardening into dev (real /health/ready readiness probe)	Merge module/<<new-module>> into dev (<<scope>>: <<feature>>)
59b2a0c628dd9a8706174aa8820ad575f7e03dff	59b2a0c6	2026-09-19	module->dev	cicd-security-hardening	cicd-security-hardening	Merge module/cicd-security-hardening into dev (Phase 3 - security.yml, severity policy, exception allowlist)	Merge module/<<new-module>> into dev (<<scope>>: <<feature>>)
7213e168564d13405eb116a378ae3856b6e0ca30	7213e168	2026-09-19	module->dev	cicd-security-hardening	cicd-security-hardening	Merge module/cicd-security-hardening into dev (Phase 2 - pr-checks.yml, CODEOWNERS, PR template, dependabot)	Merge module/<<new-module>> into dev (<<scope>>: <<feature>>)
6b3f89dbcb61c4bc5bb96c21afa1c3989955ff6f	6b3f89db	2026-09-19	module->dev	cicd-security-hardening	cicd-security-hardening	Merge module/cicd-security-hardening into dev (Phase 4 - real RBAC/IDOR/webhook/upload security test suite)	Merge module/<<new-module>> into dev (<<scope>>: <<feature>>)
4e19a3921a7e44984c402100cae294a1e0fcadef	4e19a392	2026-09-19	module->dev	cicd-security-hardening	cicd-security-hardening	Merge module/cicd-security-hardening into dev (verify uploaded file content against declared MIME type)	Merge module/<<new-module>> into dev (<<scope>>: <<feature>>)
3f3f048ff9029824534376f9281f6190052a6c71	3f3f048f	2026-09-19	module->dev	cicd-security-hardening	cicd-security-hardening	Merge module/cicd-security-hardening into dev (Swala webhook crash fix + security headers)	Merge module/<<new-module>> into dev (<<scope>>: <<feature>>)
21fe426fd02046c9962425b012719d350c0a7b7d	21fe426f	2026-09-19	module->dev	cicd-security-hardening	cicd-security-hardening	Merge module/cicd-security-hardening into dev (apply ruff --fix auto-corrections repo-wide)	Merge module/<<new-module>> into dev (<<scope>>: <<feature>>)
eb55d4586446ed059e6b09d8259b542271cc3f1b	eb55d458	2026-09-19	module->dev	cicd-security-hardening	cicd-security-hardening	Merge module/cicd-security-hardening into dev (resolve F821 undefined-name bugs and dead code)	Merge module/<<new-module>> into dev (<<scope>>: <<feature>>)
f0f0e810a6abcf05d6c6a0c508ed8ee1c219b745	f0f0e810	2026-09-19	module->dev	cicd-security-hardening	cicd-security-hardening	Merge module/cicd-security-hardening into dev (Phase 1 - branch protection, secret scanning, credential hygiene)	Merge module/<<new-module>> into dev (<<scope>>: <<feature>>)
8b9d6a8a65000f29d3d21cddc31ea3567cbe93a8	8b9d6a8a	2026-09-19	module->dev	cicd-security-hardening	cicd-security-hardening	Merge module/cicd-security-hardening into dev (CI/CD and Git Security implementation handbook)	Merge module/<<new-module>> into dev (<<scope>>: <<feature>>)
009f14a74fe49980d83bdd3fb4f5bd5edceef315	009f14a7	2026-09-19	page->module	cicd-security-iac-fix	cicd-security-hardening	Merge page/cicd-security-iac-fix into module/cicd-security-hardening (security.yml iac job hard-fail fix)	Merge page/<<new-page>> into module/<<new-module>> (<<scope>>: <<feature>>)
a0b99444d616ae8f74a78217b7caf5e9ad0e7fc1	a0b99444	2026-09-19	page->module	cicd-phase8-deploy-production	cicd-security-hardening	Merge page/cicd-phase8-deploy-production into module/cicd-security-hardening (Phase 8 - deploy-production.yml, blue/green, rollback, runbooks)	Merge page/<<new-page>> into module/<<new-module>> (<<scope>>: <<feature>>)
07ff5b9478422ab193f6bc040ba313e53ad14263	07ff5b94	2026-09-19	page->module	cicd-phase7-deploy-staging	cicd-security-hardening	Merge page/cicd-phase7-deploy-staging into module/cicd-security-hardening (Phase 7 - deploy-staging.yml)	Merge page/<<new-page>> into module/<<new-module>> (<<scope>>: <<feature>>)
0b393e1600b594a23c1e5d6053d72eea3ea114d6	0b393e16	2026-09-19	page->module	cicd-phase6-build	cicd-security-hardening	Merge page/cicd-phase6-build into module/cicd-security-hardening (Phase 6 - build.yml, hardened Dockerfile, signed artifacts)	Merge page/<<new-page>> into module/<<new-module>> (<<scope>>: <<feature>>)
5a1cd4d03ae6ad8d4647b07c40eabf2a08a38eae	5a1cd4d0	2026-09-19	page->module	backend-health-ready-probe	cicd-security-hardening	Merge page/backend-health-ready-probe into module/cicd-security-hardening (real /health/ready readiness probe)	Merge page/<<new-page>> into module/<<new-module>> (<<scope>>: <<feature>>)
9a8ace13132d5e20daa6cffc7f5c699b2075bcaa	9a8ace13	2026-09-19	page->module	cicd-phase3-security-workflow	cicd-security-hardening	Merge page/cicd-phase3-security-workflow into module/cicd-security-hardening (Phase 3 - security.yml, severity policy, exception allowlist)	Merge page/<<new-page>> into module/<<new-module>> (<<scope>>: <<feature>>)
4dbcc993f29cb1c73fa3e057bbbcddb0107f7487	4dbcc993	2026-09-19	page->module	cicd-phase2-pr-checks	cicd-security-hardening	Merge page/cicd-phase2-pr-checks into module/cicd-security-hardening (Phase 2 - pr-checks.yml, CODEOWNERS, PR template, dependabot)	Merge page/<<new-page>> into module/<<new-module>> (<<scope>>: <<feature>>)
01c1b87c832436aba5506b1e71381468ad88942e	01c1b87c	2026-09-19	page->module	cicd-phase4-security-tests	cicd-security-hardening	Merge page/cicd-phase4-security-tests into module/cicd-security-hardening (Phase 4 - real RBAC/IDOR/webhook/upload security test suite)	Merge page/<<new-page>> into module/<<new-module>> (<<scope>>: <<feature>>)
8367dc053929604a0335dfe7623ec8781b5e62d2	8367dc05	2026-09-19	page->module	backend-upload-mime-verification	cicd-security-hardening	Merge page/backend-upload-mime-verification into module/cicd-security-hardening (verify uploaded file content against declared MIME type)	Merge page/<<new-page>> into module/<<new-module>> (<<scope>>: <<feature>>)
b3b92f5b7601217ccd40e94a816895b3e07e1421	b3b92f5b	2026-09-19	page->module	backend-webhook-security-fix	cicd-security-hardening	Merge page/backend-webhook-security-fix into module/cicd-security-hardening (Swala webhook crash fix + security headers)	Merge page/<<new-page>> into module/<<new-module>> (<<scope>>: <<feature>>)
4aa9fe395569b69cb69b93272e875b16418ba4a0	4aa9fe39	2026-09-19	page->module	backend-ruff-autofix	cicd-security-hardening	Merge page/backend-ruff-autofix into module/cicd-security-hardening (apply ruff --fix auto-corrections repo-wide)	Merge page/<<new-page>> into module/<<new-module>> (<<scope>>: <<feature>>)
b4bd5a7af02f3158b682dc62bbac5b51c02d6dec	b4bd5a7a	2026-09-19	page->module	backend-ruff-undefined-names	cicd-security-hardening	Merge page/backend-ruff-undefined-names into module/cicd-security-hardening (resolve F821 undefined-name bugs and dead code)	Merge page/<<new-page>> into module/<<new-module>> (<<scope>>: <<feature>>)
9af1f19ea8439cecc275330592945a137624e454	9af1f19e	2026-09-19	page->module	cicd-phase1-branch-protection	cicd-security-hardening	Merge page/cicd-phase1-branch-protection into module/cicd-security-hardening (Phase 1 - branch protection, secret scanning, credential hygiene)	Merge page/<<new-page>> into module/<<new-module>> (<<scope>>: <<feature>>)
3a1b8ba777fe95a357b2ed72b63f14180a22c746	3a1b8ba7	2026-09-19	page->module	cicd-docs-handbook	cicd-security-hardening	Merge page/cicd-docs-handbook into module/cicd-security-hardening (CI/CD and Git Security implementation handbook)	Merge page/<<new-page>> into module/<<new-module>> (<<scope>>: <<feature>>)
78fff47d3b97c0945fef27275b398d53d08a8cd2	78fff47d	2026-09-14	other			Merge page/notification-catalogue into dev (notification catalogue + outbox pipeline)	
28c670468e14a16b215a33ff259ace68704bc06a	28c67046	2026-09-14	other			Merge page/provider-sms into dev (SMS integration fix + internal/external restructure)	
43ddee3ab099c1785b6567f77ba45de47d8f6f4c	43ddee3a	2026-09-14	module->dev	provider	provider	Merge module/provider into dev (Phase 54 - Account Closure)	Merge module/<<new-module>> into dev (<<scope>>: <<feature>>)
23971ad65280851338d6b07844ff49fd800ca39a	23971ad6	2026-09-14	page->module	provider-account-closure	provider	Merge page/provider-account-closure into module/provider (Phase 54)	Merge page/<<new-page>> into module/<<new-module>> (<<scope>>: <<feature>>)
bffd89cb15a530b9d4bbb9d6038f10e6e14650c3	bffd89cb	2026-09-14	module->dev	provider	provider	Merge module/provider into dev (Phase 53 - Account Restrictions & Status)	Merge module/<<new-module>> into dev (<<scope>>: <<feature>>)
2937b5912bddedae16e656864b004b4eb751c6e6	2937b591	2026-09-14	page->module	provider-account-restrictions	provider	Merge page/provider-account-restrictions into module/provider (Phase 53)	Merge page/<<new-page>> into module/<<new-module>> (<<scope>>: <<feature>>)
a5d7a068cf198ed6b55fb2866781ad00d6460d55	a5d7a068	2026-09-14	module->dev	provider	provider	Merge module/provider into dev (Phase 52 - Subscription / Provider Plans)	Merge module/<<new-module>> into dev (<<scope>>: <<feature>>)
f187014eaaa0a8cf7406d49af368130a02d239fb	f187014e	2026-09-14	page->module	provider-subscription	provider	Merge page/provider-subscription into module/provider (Phase 52)	Merge page/<<new-page>> into module/<<new-module>> (<<scope>>: <<feature>>)
30d2d938dcbcd425487843042563c2b3433b0b31	30d2d938	2026-09-14	module->dev	provider	provider	Merge module/provider into dev (Phase 51 - Activity & Audit History)	Merge module/<<new-module>> into dev (<<scope>>: <<feature>>)
a586fea7436ba1aceca5bfc5d0206fbe4e9da57e	a586fea7	2026-09-14	page->module	provider-activity-log	provider	Merge page/provider-activity-log into module/provider (Phase 51)	Merge page/<<new-page>> into module/<<new-module>> (<<scope>>: <<feature>>)
53630ce5f152b26d4cffd9f2f5ffac7c915c616b	53630ce5	2026-09-14	module->dev	provider	provider	Merge module/provider into dev (Phase 50 - Provider Settings)	Merge module/<<new-module>> into dev (<<scope>>: <<feature>>)
7bc8aafe3ba7c412e3d07a2f40b5ade508e76720	7bc8aafe	2026-09-14	page->module	provider-settings	provider	Merge page/provider-settings into module/provider (Phase 50)	Merge page/<<new-page>> into module/<<new-module>> (<<scope>>: <<feature>>)
10dafd5e12d058fb72c3aaaf3941f75e9b9bc600	10dafd5e	2026-09-14	module->dev	provider	provider	Merge module/provider into dev (Phase 49 - Provider Analytics)	Merge module/<<new-module>> into dev (<<scope>>: <<feature>>)
3fd45ce4e96da59533c7f3953fb4c214e8558e04	3fd45ce4	2026-09-14	page->module	provider-analytics	provider	Merge page/provider-analytics into module/provider (Phase 49)	Merge page/<<new-page>> into module/<<new-module>> (<<scope>>: <<feature>>)
9e16d450749ee9117c3aa95f5e5428cf4a75081d	9e16d450	2026-09-14	module->dev	provider	provider	Merge module/provider into dev (Phase 48 - Promotions)	Merge module/<<new-module>> into dev (<<scope>>: <<feature>>)
ff9ca0a9ba716210de64073bdbdf5c6f22fd38da	ff9ca0a9	2026-09-14	page->module	provider-promotions	provider	Merge page/provider-promotions into module/provider (Phase 48)	Merge page/<<new-page>> into module/<<new-module>> (<<scope>>: <<feature>>)
fa648cf762cf8d9b98466f604f6b1eae5681a89d	fa648cf7	2026-09-14	module->dev	provider	provider	Merge module/provider into dev (Phase 47 - Documents & Compliance)	Merge module/<<new-module>> into dev (<<scope>>: <<feature>>)
013a0beca4e608d43b230322b42eb687a596306f	013a0bec	2026-09-14	module->dev	provider	provider	Merge module/provider into dev (Phase 46 - Equipment & Tools Registry)	Merge module/<<new-module>> into dev (<<scope>>: <<feature>>)
7128e56467e7a336925c0066b7c0eb040fa75016	7128e564	2026-09-14	page->module	provider-documents-compliance	provider	Merge page/provider-documents-compliance into module/provider (Phase 47)	Merge page/<<new-page>> into module/<<new-module>> (<<scope>>: <<feature>>)
dc819470c24ac1fc344bc0e1be29a948eeb34b8e	dc819470	2026-09-14	page->module	provider-equipment	provider	Merge page/provider-equipment into module/provider (Phase 46)	Merge page/<<new-page>> into module/<<new-module>> (<<scope>>: <<feature>>)
dc0537db18dbe87dc8e08892b9f1cb3207c7fff8	dc0537db	2026-09-13	module->dev	provider	provider	Merge module/provider into dev (Phase 45 - Job Assignment)	Merge module/<<new-module>> into dev (<<scope>>: <<feature>>)
b0a4ce1168f31934d4d5b61da4a4acf527719c55	b0a4ce11	2026-09-13	page->module	provider-job-assignment	provider	Merge page/provider-job-assignment into module/provider (Phase 45)	Merge page/<<new-page>> into module/<<new-module>> (<<scope>>: <<feature>>)
f29a30469ebc60bb2e76b755a048be8ac3fa1722	f29a3046	2026-09-13	module->dev	provider	provider	Merge module/provider into dev (Phase 44 - Team Management)	Merge module/<<new-module>> into dev (<<scope>>: <<feature>>)
3b611438f7eecff16dee3f7405ec5c835050a4da	3b611438	2026-09-13	page->module	provider-team-management	provider	Merge page/provider-team-management into module/provider (Phase 44)	Merge page/<<new-page>> into module/<<new-module>> (<<scope>>: <<feature>>)
3608772cd1036426f83852ee0eda190eb4a7f1d1	3608772c	2026-09-13	module->dev	provider	provider	Merge module/provider into dev (Phase 43 - Business Customers & Negotiated Rates)	Merge module/<<new-module>> into dev (<<scope>>: <<feature>>)
66afb7824a7be1092f2fd8ec6ec9891517195f5d	66afb782	2026-09-13	page->module	provider-business-customers	provider	Merge page/provider-business-customers into module/provider (Phase 43)	Merge page/<<new-page>> into module/<<new-module>> (<<scope>>: <<feature>>)
f4d1a39183febc3c8c7e32909a66d21b75b444cb	f4d1a391	2026-09-13	module->dev	provider	provider	Merge module/provider into dev (Phase 42 - Recurring Customers)	Merge module/<<new-module>> into dev (<<scope>>: <<feature>>)
9445780dff7ca0d7785cd968b4de9ac3b1fa2dcd	9445780d	2026-09-13	page->module	provider-recurring-customers	provider	Merge page/provider-recurring-customers into module/provider (Phase 42)	Merge page/<<new-page>> into module/<<new-module>> (<<scope>>: <<feature>>)
f1669f1f3ee64202f6950b1cf5985caa6067eb08	f1669f1f	2026-09-13	module->dev	provider	provider	Merge module/provider into dev (Phase 41 - Safety & Incident Reporting)	Merge module/<<new-module>> into dev (<<scope>>: <<feature>>)
f7bf32d6b2e9f219cc1cb36878ca8756a90ffd31	f7bf32d6	2026-09-13	page->module	provider-safety-reports	provider	Merge page/provider-safety-reports into module/provider (Phase 41)	Merge page/<<new-page>> into module/<<new-module>> (<<scope>>: <<feature>>)
67c3bccebee1d7b7beb4097e08c37aa9e62e67a5	67c3bcce	2026-09-13	module->dev	provider	provider	Merge module/provider into dev (Phase 40 - Provider Support + Modules 32-39 runtime fixes)	Merge module/<<new-module>> into dev (<<scope>>: <<feature>>)
c811036462bde16aae7c47fc5a526915f614e251	c8110364	2026-09-13	page->module	provider-support	provider	Merge page/provider-support into module/provider (Phase 40 + audit fixes)	Merge page/<<new-page>> into module/<<new-module>> (<<scope>>: <<feature>>)
13b56b155be998c1a0f4d11e3e1abc4fe3ff454e	13b56b15	2026-09-13	module->dev	provider	provider	Merge module/provider into dev (provider audit fixes)	Merge module/<<new-module>> into dev (<<scope>>: <<feature>>)
636184aa967aa23bee3cdb9b3eacafdab47b43c5	636184aa	2026-09-13	module->dev	provider	provider	Merge module/provider into dev (Phase 39)	Merge module/<<new-module>> into dev (<<scope>>: <<feature>>)
56e8a8abb45898e4087a3a136f492b10d4ced52c	56e8a8ab	2026-09-13	module->dev	provider	provider	Merge module/provider into dev (Phase 38 fix)	Merge module/<<new-module>> into dev (<<scope>>: <<feature>>)
e19a4e5560d97039b9b58af7a5501537ed755302	e19a4e55	2026-09-13	other			Merge customer-side security/business-logic audit fixes into dev	
a402a4498e8863d365fca1b6e1a995dd35a12b6d	a402a449	2026-09-13	module->dev	provider	provider	Merge module/provider into dev (Phase 37)	Merge module/<<new-module>> into dev (<<scope>>: <<feature>>)
4118ea15d70ac53fdfa95d838172719f0b80fadd	4118ea15	2026-09-13	module->dev	provider	provider	Merge module/provider into dev (Phase 36)	Merge module/<<new-module>> into dev (<<scope>>: <<feature>>)
434015eb4ac00fe2c2f32e6aa9868de9cc680411	434015eb	2026-09-12	module->dev	provider	provider	Merge module/provider into dev (Phase 35)	Merge module/<<new-module>> into dev (<<scope>>: <<feature>>)
dcf2bf5028d227ca113927bc43b3a1aabdb87b56	dcf2bf50	2026-09-12	module->dev	provider	provider	Merge module/provider into dev (Phase 34)	Merge module/<<new-module>> into dev (<<scope>>: <<feature>>)
48c3325340d8c29d07ea874300080b4f7b696540	48c33253	2026-09-12	module->dev	provider	provider	Merge module/provider into dev (Phase 33)	Merge module/<<new-module>> into dev (<<scope>>: <<feature>>)
01ee2198a911f3ffb7c682287e03620eca30316e	01ee2198	2026-09-12	module->dev	provider	provider	Merge module/provider into dev (Phase 32)	Merge module/<<new-module>> into dev (<<scope>>: <<feature>>)
f3d65e3871fe7a1f076b4e0236053829b63563c5	f3d65e38	2026-09-12	module->dev	user-account	user-account	Merge module/user-account into dev (Phases 2-6: property lifecycle)	Merge module/<<new-module>> into dev (<<scope>>: <<feature>>)
7501239e864b824558e8817411dbe395b97f3cb5	7501239e	2026-09-12	page->module	user-property-lifecycle	user-account	Merge page/user-property-lifecycle into module/user-account (Phases 2-6)	Merge page/<<new-page>> into module/<<new-module>> (<<scope>>: <<feature>>)
cc8a3f7ba38e38fbd29f013d63497388ab883f20	cc8a3f7b	2026-09-12	page->module	user-onboarding	user-account	merge: page/user-onboarding into module/user-account (Phases 1, 8)	Merge page/<<new-page>> into module/<<new-module>> (<<scope>>: <<feature>>)
897893260a0f229fe2d8eba8d23fd4eaeb2adbf9	89789326	2026-09-12	module->dev	user-account	user-account	merge: module/user-account into dev (Phases 1, 8: customer onboarding + change request approval)	Merge module/<<new-module>> into dev (<<scope>>: <<feature>>)
d75dd70e2267e1239bf2032667fce85fadc3ad15	d75dd70e	2026-09-12	module->dev	provider	provider	Merge module/provider into dev (Phase 30)	Merge module/<<new-module>> into dev (<<scope>>: <<feature>>)
8b0a621da7e7947e6f23010cae225093cea9ee6e	8b0a621d	2026-09-11	module->dev	provider	provider	Merge module/provider into dev (Phase 29: provider wallet)	Merge module/<<new-module>> into dev (<<scope>>: <<feature>>)
5a41ffe27a6c2c63a14e0ddbe98246a67575af50	5a41ffe2	2026-09-11	module->dev	provider	provider	Merge module/provider into dev (Phase 28: provider earnings)	Merge module/<<new-module>> into dev (<<scope>>: <<feature>>)
cdbadd9c40e0c6fec5bd30243bc36e0cec612129	cdbadd9c	2026-09-20	module->dev	provider	provider	Merge module/provider into dev (Phase 27: final billing)	Merge module/<<new-module>> into dev (<<scope>>: <<feature>>)
0b46878c8c9e565bc8a24812b12f8113856b9171	0b46878c	2026-09-20	module->dev	provider	provider	Merge module/provider into dev (Phase 25-26: completion reviews)	Merge module/<<new-module>> into dev (<<scope>>: <<feature>>)
150e3b425be82d0c5a2efc5dac270dad64358867	150e3b42	2026-09-13	page->module	provider-safety	provider	Merge page/provider-safety into module/provider (audit fixes)	Merge page/<<new-page>> into module/<<new-module>> (<<scope>>: <<feature>>)
bc6b64d2eeebe691a439d3ec2d34ae06500d451b	bc6b64d2	2026-09-13	page->module	provider-disputes	provider	Merge page/provider-disputes into module/provider (Phase 39)	Merge page/<<new-page>> into module/<<new-module>> (<<scope>>: <<feature>>)
3a619fdbb292ca6dba15a3ea806da0ecd4642cf7	3a619fdb	2026-09-13	page->module	provider-dsl-requests	provider	Merge page/provider-dsl-requests into module/provider (Phase 38 fix)	Merge page/<<new-page>> into module/<<new-module>> (<<scope>>: <<feature>>)
cf687b1244356125d18815eb0d05ed63f3bce493	cf687b12	2026-09-13	page->module	provider-dsl-requests	provider	Merge page/provider-dsl-requests into module/provider (Phase 38)	Merge page/<<new-page>> into module/<<new-module>> (<<scope>>: <<feature>>)
daf08597edfc7a16b9f47a6c9df2afc7b1461ce0	daf08597	2026-09-13	page->module	provider-notifications	provider	Merge page/provider-notifications into module/provider (Phase 37)	Merge page/<<new-page>> into module/<<new-module>> (<<scope>>: <<feature>>)
5aa96c92087b87f2e4fb680f8df689afbd29429b	5aa96c92	2026-09-13	page->module	provider-portfolio	provider	Merge page/provider-portfolio into module/provider (Phase 36)	Merge page/<<new-page>> into module/<<new-module>> (<<scope>>: <<feature>>)
ea3a521393089bfeeb00a9bce2d9bf93fdfea693	ea3a5213	2026-09-12	page->module	provider-ranking	provider	Merge page/provider-ranking into module/provider (Phase 35)	Merge page/<<new-page>> into module/<<new-module>> (<<scope>>: <<feature>>)
ac6dd88ef26e0bd6ecde989254553b5d59b0c61b	ac6dd88e	2026-09-12	page->module	provider-kpis	provider	Merge page/provider-kpis into module/provider (Phase 34)	Merge page/<<new-page>> into module/<<new-module>> (<<scope>>: <<feature>>)
0a291d1446d45a5f327f21340c5a2810e9808d68	0a291d14	2026-09-12	page->module	provider-reviews	provider	Merge page/provider-reviews into module/provider (Phase 33)	Merge page/<<new-page>> into module/<<new-module>> (<<scope>>: <<feature>>)
302d7cf3479baddcc9e8ebdff58c6a78b36ce688	302d7cf3	2026-09-12	page->module	provider-invoices	provider	Merge page/provider-invoices into module/provider (Phase 32)	Merge page/<<new-page>> into module/<<new-module>> (<<scope>>: <<feature>>)
3032f136d3b267ec1bb5e2ebd724a8cc5bd7c211	3032f136	2026-09-12	page->module	provider-payouts	provider	Merge page/provider-payouts into module/provider	Merge page/<<new-page>> into module/<<new-module>> (<<scope>>: <<feature>>)
905387c4f4aeb99d3c7783071a81f64ac59a9fc7	905387c4	2026-09-12	page->module	provider-payouts	provider	Merge page/provider-payouts into module/provider (Phase 30)	Merge page/<<new-page>> into module/<<new-module>> (<<scope>>: <<feature>>)
2aa1ae955760895ac68e393c7f0fc4936c8bef84	2aa1ae95	2026-09-11	page->module	provider-wallet	provider	Merge page/provider-wallet into module/provider (Phase 29)	Merge page/<<new-page>> into module/<<new-module>> (<<scope>>: <<feature>>)
e439148c2841f27f4b6bb6a90a3cba88e548f6d3	e439148c	2026-09-11	page->module	provider-earnings	provider	Merge page/provider-earnings into module/provider (Phase 28)	Merge page/<<new-page>> into module/<<new-module>> (<<scope>>: <<feature>>)
8bff5d59b10bf7ed53def6eca5149877b32584c5	8bff5d59	2026-09-11	page->module	provider-final-billing	provider	Merge page/provider-final-billing into module/provider (Phase 27)	Merge page/<<new-page>> into module/<<new-module>> (<<scope>>: <<feature>>)
fc5a51ab9a9b85ab75644afdcc8c7c3d62360908	fc5a51ab	2026-09-11	page->module	provider-completion-reviews	provider	Merge page/provider-completion-reviews into module/provider (Phases 25-26)	Merge page/<<new-page>> into module/<<new-module>> (<<scope>>: <<feature>>)
3bfc6518c53f3989c9131b114118b87b322958c0	3bfc6518	2026-09-10	module->dev	provider	provider	Merge module/provider into dev (roadmap: PRV-24 done, PRV-25 next)	Merge module/<<new-module>> into dev (<<scope>>: <<feature>>)
75eaea86514aeb9f6e2f4efadb649e0d8154cdac	75eaea86	2026-09-10	page->module	provider-roadmap-prv24	provider	Merge page/provider-roadmap-prv24 into module/provider (roadmap: PRV-24 done, PRV-25 next)	Merge page/<<new-page>> into module/<<new-module>> (<<scope>>: <<feature>>)
5002bc21f653fc7b4e1a025620732ffbc2702cd9	5002bc21	2026-09-10	module->dev	provider	provider	Merge module/provider into dev (Phase 24: materials & expenses)	Merge module/<<new-module>> into dev (<<scope>>: <<feature>>)
43fe23670a5d1cd8f9b9c8e6c56c1ea2b0524135	43fe2367	2026-09-10	page->module	provider-materials-expenses	provider	Merge page/provider-materials-expenses into module/provider (Phase 24: materials & expenses)	Merge page/<<new-page>> into module/<<new-module>> (<<scope>>: <<feature>>)
1638b0561b832d64ae04b972b8203fa4a560cf1f	1638b056	2026-09-10	module->dev	provider	provider	Merge module/provider into dev (roadmap: PRV-23 done, PRV-24 next)	Merge module/<<new-module>> into dev (<<scope>>: <<feature>>)
d6b8926614f6ada96b0797a1ce0e52bdd61214c8	d6b89266	2026-09-10	page->module	provider-roadmap-prv23	provider	Merge page/provider-roadmap-prv23 into module/provider (roadmap: PRV-23 done, PRV-24 next)	Merge page/<<new-page>> into module/<<new-module>> (<<scope>>: <<feature>>)
42359a4ff9a439465fd231871a834149328f80fe	42359a4f	2026-09-10	module->dev	provider	provider	Merge module/provider into dev (Phase 23: provider change request)	Merge module/<<new-module>> into dev (<<scope>>: <<feature>>)
8ae260540d4f5a9dae8a3b6dcf3d3be7d021531b	8ae26054	2026-09-10	page->module	provider-change-request	provider	Merge page/provider-change-request into module/provider (Phase 23: provider change request)	Merge page/<<new-page>> into module/<<new-module>> (<<scope>>: <<feature>>)
02716974879cf03c330364eb8f050ad07c3074d5	02716974	2026-09-10	module->dev	provider	provider	Merge module/provider into dev (roadmap: PRV-21/22 done, PRV-23 next)	Merge module/<<new-module>> into dev (<<scope>>: <<feature>>)
7d8451e822596746902cde8f5346a692122cdc05	7d8451e8	2026-09-10	page->module	provider-roadmap-prv22	provider	Merge page/provider-roadmap-prv22 into module/provider (roadmap: PRV-21/22 done, PRV-23 next)	Merge page/<<new-page>> into module/<<new-module>> (<<scope>>: <<feature>>)
a6edfdfeda3047d0d5af1bbb7994a945d0192350	a6edfdfe	2026-09-10	module->dev	provider	provider	Merge module/provider into dev (Phase 22: provider job evidence)	Merge module/<<new-module>> into dev (<<scope>>: <<feature>>)
5db21f1b7209b29374be7cd255afce845f9fe96d	5db21f1b	2026-09-10	page->module	provider-job-evidence	provider	Merge page/provider-job-evidence into module/provider (Phase 22: evidence & job documentation)	Merge page/<<new-page>> into module/<<new-module>> (<<scope>>: <<feature>>)
fb300471f477a8dee5dcc781b90fe4146bc9475a	fb300471	2026-09-10	module->dev	provider	provider	Merge module/provider into dev (Phase 21: provider job checklist)	Merge module/<<new-module>> into dev (<<scope>>: <<feature>>)
21e0a74263cb6d55f68015bca4bc3f27fdd23b29	21e0a742	2026-09-10	page->module	provider-job-checklist	provider	Merge page/provider-job-checklist into module/provider (Phase 21: job checklist)	Merge page/<<new-page>> into module/<<new-module>> (<<scope>>: <<feature>>)
a4f57fcd9126e8b1b4dd5985e57d4f3a5a3aca63	a4f57fcd	2026-09-10	module->dev	provider	provider	Merge module/provider into dev (roadmap: PRV-20 done, PRV-21 next)	Merge module/<<new-module>> into dev (<<scope>>: <<feature>>)
ae76aea5f22537d66b0c5c24857953fd57771a1d	ae76aea5	2026-09-10	page->module	provider-roadmap-prv20	provider	Merge page/provider-roadmap-prv20 into module/provider (roadmap: PRV-20 done, PRV-21 next)	Merge page/<<new-page>> into module/<<new-module>> (<<scope>>: <<feature>>)
9493f2be9f6adeb46758211128856af1ee9bb503	9493f2be	2026-09-10	module->dev	provider	provider	Merge module/provider into dev (Phase 20: start service + timer)	Merge module/<<new-module>> into dev (<<scope>>: <<feature>>)
9bacaf083cc84de165bc33898c9cbd81daf43748	9bacaf08	2026-09-10	page->module	provider-start-service	provider	Merge page/provider-start-service into module/provider (Phase 20: start service + timer)	Merge page/<<new-page>> into module/<<new-module>> (<<scope>>: <<feature>>)
dc59c860d26989e9c6484a9873e34bc01729197f	dc59c860	2026-09-10	module->dev	provider	provider	Merge module/provider into dev (roadmap: PRV-14..19 done, PRV-20 next)	Merge module/<<new-module>> into dev (<<scope>>: <<feature>>)
dec880266834663b1f00c9f6625c3d5af6ad0280	dec88026	2026-09-10	page->module	provider-roadmap-sync	provider	Merge page/provider-roadmap-sync into module/provider (roadmap: PRV-14..19 done, PRV-20 next)	Merge page/<<new-page>> into module/<<new-module>> (<<scope>>: <<feature>>)
13241a1809d126d3b93efb1e0463592b90976a41	13241a18	2026-09-10	module->dev	provider	provider	Merge module/provider into dev (provider backend Phases 14-19)	Merge module/<<new-module>> into dev (<<scope>>: <<feature>>)
4ad149aea24730caa6bdbf7cffcd78f945b294b3	4ad149ae	2026-09-10	page->module	provider-booking-confirmation	provider	Merge page/provider-booking-confirmation into module/provider (Phases 14-19: booking ops, calendar, details, messaging, tracking, arrival)	Merge page/<<new-page>> into module/<<new-module>> (<<scope>>: <<feature>>)
d2004567c4afaf8a9e973625a9028a62d3cba6f3	d2004567	2026-09-08	module->dev	provider	provider	Merge module/provider into dev — provider backend Phases 1-13	Merge module/<<new-module>> into dev (<<scope>>: <<feature>>)
c83f8d7236b80e5f026e3c14ba4eb783314f9c54	c83f8d72	2026-09-08	page->module	provider-quotations	provider	Merge page/provider-quotations into module/provider (Phases 1-13 complete)	Merge page/<<new-page>> into module/<<new-module>> (<<scope>>: <<feature>>)
40675def858da8432deb07dc0c3dfa5071ca4aea	40675def	2026-09-04	module->dev	provider	provider	merge: module/provider into dev (provider web app scaffold: dashboard, bookings, calendar, earnings, payouts, quotes, team, service-areas, portfolio, reviews, etc.)	Merge module/<<new-module>> into dev (<<scope>>: <<feature>>)
37406f7c77d5c28eae74d28b9d5c3d1b08d06fb2	37406f7c	2026-09-04	page->module	provider-scaffold	provider	merge: page/provider-scaffold into module/provider	Merge page/<<new-page>> into module/<<new-module>> (<<scope>>: <<feature>>)
0896f68e6bcbdbccf26869e44b368fe8b639c561	0896f68e	2026-09-04	other			merge: page/business-requirements-split into dev (split into user + provider requirements docs)	
e14b907a53890e29f90418772108d915f72dbe89	e14b907a	2026-09-02	other			merge: mobile/web-parity into dev (full web<->mobile component parity)	
57f6a13e6faef796f60898a92822bc8c5951aeb6	57f6a13e	2026-09-02	other			merge: mobile/screens-migration into dev (all hamo-app screens ported to Expo)	
8e28202261987a5d00c6eba11bc7f06222f1a9d3	8e282022	2026-09-02	other			merge: page/fixed-viewport-shell into dev (fixed-viewport shell, responsive sidebar, dead-space fixes)	
4d3bf1610cbf886ef8dc53af2da8329060dd4acd	4d3bf161	2026-09-02	module->dev	menu	menu	merge: module/menu into dev (booking flow exact-reference rebuild)	Merge module/<<new-module>> into dev (<<scope>>: <<feature>>)
231f763f1060532837c1315fbae8f1dfcf0ef3dd	231f763f	2026-09-02	page->module	booking-flow-exact-match	menu	merge: page/booking-flow-exact-match into module/menu	Merge page/<<new-page>> into module/<<new-module>> (<<scope>>: <<feature>>)
3bd198e6f0c3f54db2448e3bf4f8ece8374a0c06	3bd198e6	2026-09-02	module->dev	menu	menu	merge: module/menu into dev (dashboard fix + login OTP/password bug fix)	Merge module/<<new-module>> into dev (<<scope>>: <<feature>>)
4037631520ea15d60d17cb96a63880a7fdbb8c08	40376315	2026-09-02	page->module	dashboard-provider-profile-fix	menu	merge: page/dashboard-provider-profile-fix into module/menu	Merge page/<<new-page>> into module/<<new-module>> (<<scope>>: <<feature>>)
25330f2b9ec9059c36ca91099d701e0da73e4f21	25330f2b	2026-09-02	module->dev	menu	menu	merge: module/menu into dev (dashboard + provider profile exact reference rebuild)	Merge module/<<new-module>> into dev (<<scope>>: <<feature>>)
ff4370e10cd5112da126e8e868c492a1078d7343	ff4370e1	2026-09-02	page->module	dashboard-provider-profile-exact-match	menu	merge: page/dashboard-provider-profile-exact-match into module/menu	Merge page/<<new-page>> into module/<<new-module>> (<<scope>>: <<feature>>)
e9b70692f6089e777bff9a863e03f2a2d0f502d8	e9b70692	2026-09-02	module->dev	menu	menu	merge: module/menu into dev (services/providers exact reference rebuild)	Merge module/<<new-module>> into dev (<<scope>>: <<feature>>)
9a9c5044adc4955f7e19fa05117df032f06e028b	9a9c5044	2026-09-02	page->module	services-providers-exact-match	menu	merge: page/services-providers-exact-match into module/menu	Merge page/<<new-page>> into module/<<new-module>> (<<scope>>: <<feature>>)
9d393af46958e482421a021b163724e108fae87d	9d393af4	2026-09-02	module->dev	rewards	rewards	merge: module/rewards into dev (timeline standardization)	Merge module/<<new-module>> into dev (<<scope>>: <<feature>>)
e0d1362cb2c8ebe2bf9e30c38720b6f727f69ae0	e0d1362c	2026-09-02	page->module	timeline-standard-rewards	rewards	merge: page/timeline-standard-rewards into module/rewards	Merge page/<<new-page>> into module/<<new-module>> (<<scope>>: <<feature>>)
b43892f465567a38255b4ce7649fd41d81b3292c	b43892f4	2026-09-02	module->dev	financial	financial	merge: module/financial into dev (timeline standardization)	Merge module/<<new-module>> into dev (<<scope>>: <<feature>>)
d7e779323e161a6f2d1686d48efebc25588d57e8	d7e77932	2026-09-02	page->module	timeline-standard-financial	financial	merge: page/timeline-standard-financial into module/financial	Merge page/<<new-page>> into module/<<new-module>> (<<scope>>: <<feature>>)
cd97b5aecbfab76be2c347212586b496cd095231	cd97b5ae	2026-09-02	module->dev	tools	tools	merge: module/tools into dev (timeline/dialog standardization)	Merge module/<<new-module>> into dev (<<scope>>: <<feature>>)
e6007f70ae1f248eb592e4653284c4565521d2df	e6007f70	2026-09-02	page->module	timeline-standard-tools	tools	merge: page/timeline-standard-tools into module/tools	Merge page/<<new-page>> into module/<<new-module>> (<<scope>>: <<feature>>)
4e8dbeff114587ebb4d284149b53a755ce4d570e	4e8dbeff	2026-09-02	module->dev	tools	tools	merge: module/tools into dev (activity exact reference rebuild)	Merge module/<<new-module>> into dev (<<scope>>: <<feature>>)
4f7bca4c1c67915215ff0307a098dca7f1d4e166	4f7bca4c	2026-09-02	page->module	activity-exact-match	tools	merge: page/activity-exact-match into module/tools	Merge page/<<new-page>> into module/<<new-module>> (<<scope>>: <<feature>>)
a54a58174a1e473605e493b74ceddde070d7c144	a54a5817	2026-09-02	module->dev	financial	financial	merge: module/financial into dev (layout consistency fix)	Merge module/<<new-module>> into dev (<<scope>>: <<feature>>)
3f4d45658a0fe33142b814126fb099c276d1fb78	3f4d4565	2026-09-02	page->module	layout-consistency-financial	financial	merge: page/layout-consistency-financial into module/financial	Merge page/<<new-page>> into module/<<new-module>> (<<scope>>: <<feature>>)
0a6e6688d66c38a5caea69f8fc491d4e976a443f	0a6e6688	2026-09-02	module->dev	rewards	rewards	merge: module/rewards into dev (layout consistency fix)	Merge module/<<new-module>> into dev (<<scope>>: <<feature>>)
fb08525bb0f7e1a72bc029d6c4c0e68dfd3b07c9	fb08525b	2026-09-02	page->module	layout-consistency-rewards	rewards	merge: page/layout-consistency-rewards into module/rewards	Merge page/<<new-page>> into module/<<new-module>> (<<scope>>: <<feature>>)
f0bba026ea9481cdf974821154acd2740e543e47	f0bba026	2026-09-02	module->dev	tools	tools	merge: module/tools into dev (layout consistency fix)	Merge module/<<new-module>> into dev (<<scope>>: <<feature>>)
9a2de37ce67fd2841ad0a0822363239753f6dab9	9a2de37c	2026-09-02	page->module	layout-consistency-tools	tools	merge: page/layout-consistency-tools into module/tools	Merge page/<<new-page>> into module/<<new-module>> (<<scope>>: <<feature>>)
bb9330e4f1127d6411275a9c7d5480dc47b49298	bb9330e4	2026-09-01	module->dev	tools	tools	merge: module/tools into dev (help exact reference rebuild)	Merge module/<<new-module>> into dev (<<scope>>: <<feature>>)
b561797cda90aeec00607c2eff9f0bc6f4079a48	b561797c	2026-09-01	page->module	help-exact-match	tools	merge: page/help-exact-match into module/tools	Merge page/<<new-page>> into module/<<new-module>> (<<scope>>: <<feature>>)
3c5ccf54338e9724f8ee29a59030b885ce50b66b	3c5ccf54	2026-09-01	module->dev	tools	tools	merge: module/tools into dev (feedback exact reference rebuild)	Merge module/<<new-module>> into dev (<<scope>>: <<feature>>)
9df14bac30aa11f3f29d74b1f06d9429e2d759e5	9df14bac	2026-09-01	page->module	feedback-exact-match	tools	merge: page/feedback-exact-match into module/tools	Merge page/<<new-page>> into module/<<new-module>> (<<scope>>: <<feature>>)
f9dbe09d19a5560dbba290f8da25a9fbf634769b	f9dbe09d	2026-09-01	other			merge: page/error-pages-exact-match into dev	
6335b4bc698c75a82c078d2cf5a8e688a712050e	6335b4bc	2026-09-01	module->dev	tools	tools	merge: module/tools into dev (notifications + profile/settings exact reference rebuild)	Merge module/<<new-module>> into dev (<<scope>>: <<feature>>)
d5eb494f84ca41c425c6350450a686fb70cca35f	d5eb494f	2026-09-01	page->module	profile-settings-exact-match	tools	merge: page/profile-settings-exact-match into module/tools	Merge page/<<new-page>> into module/<<new-module>> (<<scope>>: <<feature>>)
b7d1617ba5f3f464b48ea768e6b0bedca52d63ef	b7d1617b	2026-09-01	page->module	notifications-exact-match	tools	merge: page/notifications-exact-match into module/tools	Merge page/<<new-page>> into module/<<new-module>> (<<scope>>: <<feature>>)
b44c250322ad405263d4538e1efed8b7f2d3675d	b44c2503	2026-09-01	module->dev	rewards	rewards	merge: module/rewards into dev (promotions exact reference rebuild)	Merge module/<<new-module>> into dev (<<scope>>: <<feature>>)
c2977b9ec4f31fbbd643f7c4fee1a209cbd4b930	c2977b9e	2026-09-01	page->module	promotions-exact-match	rewards	merge: page/promotions-exact-match into module/rewards	Merge page/<<new-page>> into module/<<new-module>> (<<scope>>: <<feature>>)
88f97be2e029bee774973dd4da4bcb4f81b7a37a	88f97be2	2026-09-01	module->dev	rewards	rewards	merge: module/rewards into dev (loyalty exact reference rebuild)	Merge module/<<new-module>> into dev (<<scope>>: <<feature>>)
50b7f1d244e1ec2c4e7523500c17a8540e481a88	50b7f1d2	2026-09-01	page->module	loyalty-exact-match	rewards	merge: page/loyalty-exact-match into module/rewards	Merge page/<<new-page>> into module/<<new-module>> (<<scope>>: <<feature>>)
0b2cadb2e6be64a784e9ba3d0fa0780fa2e5835e	0b2cadb2	2026-09-01	module->dev	financial	financial	merge: module/financial into dev (metric card consistency fix)	Merge module/<<new-module>> into dev (<<scope>>: <<feature>>)
c620a5e124308afbeb5605d2bd5f11d76bdb980f	c620a5e1	2026-09-01	page->module	metric-card-consistency	financial	merge: page/metric-card-consistency into module/financial	Merge page/<<new-page>> into module/<<new-module>> (<<scope>>: <<feature>>)
17465ae1b9bd8394b2ef6f1cee9752c3f8c91d3c	17465ae1	2026-09-01	module->dev	financial	financial	merge: module/financial into dev (invoices exact per-image dialog/panel split)	Merge module/<<new-module>> into dev (<<scope>>: <<feature>>)
11c53267dda6c637052ef503133f06a7badda567	11c53267	2026-09-01	page->module	invoices-exact-images	financial	merge: page/invoices-exact-images into module/financial	Merge page/<<new-page>> into module/<<new-module>> (<<scope>>: <<feature>>)
dfffa1fcdf71709ec1a22fa96d531480b7888356	dfffa1fc	2026-09-01	module->dev	financial	financial	merge: module/financial into dev (invoices exact reference match)	Merge module/<<new-module>> into dev (<<scope>>: <<feature>>)
c1b4abee0e580de0dc98eeed8d9f6690827f66e9	c1b4abee	2026-09-01	page->module	invoices-exact-match	financial	merge: page/invoices-exact-match into module/financial	Merge page/<<new-page>> into module/<<new-module>> (<<scope>>: <<feature>>)
c219accaf5423c83bc8b6d814d5fea7903e38264	c219acca	2026-09-01	module->dev	financial	financial	merge: module/financial into dev (auth fix, invoices redesign, history dropdown)	Merge module/<<new-module>> into dev (<<scope>>: <<feature>>)
a7350fe52483fdd2a1fcf341574195a7f1fa2f42	a7350fe5	2026-09-01	other			merge: fixes and invoices redesign into module/financial	
57e86e23e2b888be35f1ff3ee764c5a961c59eff	57e86e23	2026-09-01	module->dev	tools	tools	merge: module/tools into dev (table consistency pass)	Merge module/<<new-module>> into dev (<<scope>>: <<feature>>)
a5fc90ca17d496283a0a14f9ac1e9ac77fbe5e96	a5fc90ca	2026-09-01	page->module	table-consistency-tools	tools	merge: page/table-consistency-tools into module/tools	Merge page/<<new-page>> into module/<<new-module>> (<<scope>>: <<feature>>)
0d84d219a04d82414dfcf0b227ac16b12c6d62de	0d84d219	2026-09-01	module->dev	rewards	rewards	merge: module/rewards into dev (table consistency pass)	Merge module/<<new-module>> into dev (<<scope>>: <<feature>>)
5398821258f26d970360759c1288e368655aee13	53988212	2026-09-01	page->module	table-consistency-rewards	rewards	merge: page/table-consistency-rewards into module/rewards	Merge page/<<new-page>> into module/<<new-module>> (<<scope>>: <<feature>>)
18c97f15486d84d4ab6cea8618acb3d56992511a	18c97f15	2026-09-01	module->dev	financial	financial	merge: module/financial into dev (table consistency pass)	Merge module/<<new-module>> into dev (<<scope>>: <<feature>>)
ea65e284b8eeec1316321185657aac1632f79af4	ea65e284	2026-09-01	page->module	table-consistency	financial	merge: page/table-consistency into module/financial	Merge page/<<new-page>> into module/<<new-module>> (<<scope>>: <<feature>>)
dcc0589f39f0952780cddcfec609301542303d3b	dcc0589f	2026-09-01	module->dev	menu	menu	merge: module/menu into dev (bookings v2 real data + details modal)	Merge module/<<new-module>> into dev (<<scope>>: <<feature>>)
6fd2150a3feff7bc2744f0637dfe4252fdb8e3bd	6fd2150a	2026-09-01	page->module	bookings-v2	menu	merge: page/bookings-v2 into module/menu	Merge page/<<new-page>> into module/<<new-module>> (<<scope>>: <<feature>>)
d8a1536d1bcd8a91e3f15eae09d1d87271513390	d8a1536d	2026-09-01	module->dev	financial	financial	merge: module/financial into dev (payments v2, history v2)	Merge module/<<new-module>> into dev (<<scope>>: <<feature>>)
22d44c170eec158b1e5337a0c948956b7436e5b7	22d44c17	2026-09-01	page->module	history-v2	financial	merge: page/history-v2 into module/financial	Merge page/<<new-page>> into module/<<new-module>> (<<scope>>: <<feature>>)
b85abd15b60b948e6dbcb35164e9b56bb97ee93a	b85abd15	2026-09-01	page->module	payments-v2	financial	merge: page/payments-v2 into module/financial	Merge page/<<new-page>> into module/<<new-module>> (<<scope>>: <<feature>>)
21eb5be933df922835a064b96032373d54354705	21eb5be9	2026-09-01	module->dev	tools	tools	merge: module/tools into dev (notifications, activity, profile, feedback, help)	Merge module/<<new-module>> into dev (<<scope>>: <<feature>>)
bf044b0e03ae6481241154e738badf589cf83e53	bf044b0e	2026-09-01	page->module	help	tools	merge: page/help into module/tools	Merge page/<<new-page>> into module/<<new-module>> (<<scope>>: <<feature>>)
767168c30336a553d69412c2d93d08d7f62770db	767168c3	2026-09-01	page->module	feedback	tools	merge: page/feedback into module/tools	Merge page/<<new-page>> into module/<<new-module>> (<<scope>>: <<feature>>)
ae333c95bc20d7d95f2df7570f0b7678b78fa99b	ae333c95	2026-09-01	page->module	profile	tools	merge: page/profile into module/tools	Merge page/<<new-page>> into module/<<new-module>> (<<scope>>: <<feature>>)
64e511e65a95a8eeff919970ae3b051b3c704149	64e511e6	2026-09-01	page->module	activity	tools	merge: page/activity into module/tools	Merge page/<<new-page>> into module/<<new-module>> (<<scope>>: <<feature>>)
9d7363beafc36eed07cbac3e36939cd102213039	9d7363be	2026-09-01	page->module	notifications	tools	merge: page/notifications into module/tools	Merge page/<<new-page>> into module/<<new-module>> (<<scope>>: <<feature>>)
2ad851681aa9c2f37a3868b4281a8ba3085c8e02	2ad85168	2026-09-01	module->dev	rewards	rewards	merge: module/rewards into dev (loyalty, promotions)	Merge module/<<new-module>> into dev (<<scope>>: <<feature>>)
cfa06e8bb99749ae2f5486e8afd3ce9b330ca196	cfa06e8b	2026-09-01	page->module	promotions	rewards	merge: page/promotions into module/rewards	Merge page/<<new-page>> into module/<<new-module>> (<<scope>>: <<feature>>)
a8b6c719cfa48705c9050ab48bc76e634a015dd2	a8b6c719	2026-09-01	page->module	loyalty	rewards	merge: page/loyalty into module/rewards	Merge page/<<new-page>> into module/<<new-module>> (<<scope>>: <<feature>>)
073cb682519b3651744809d5316c0d27c5defbd5	073cb682	2026-09-01	module->dev	financial	financial	merge: module/financial into dev (wallet, payments, invoices, history)	Merge module/<<new-module>> into dev (<<scope>>: <<feature>>)
f11ba8dfec6b8dcbc851c8dadfb46a71341c4fbe	f11ba8df	2026-09-01	page->module	history	financial	merge: page/history into module/financial	Merge page/<<new-page>> into module/<<new-module>> (<<scope>>: <<feature>>)
6cb7d07fb4b3d63b33cb2f061c14e4b0d59c5017	6cb7d07f	2026-09-01	page->module	invoices	financial	merge: page/invoices into module/financial	Merge page/<<new-page>> into module/<<new-module>> (<<scope>>: <<feature>>)
bab5a247e5fdd9466c6d65ec1d65102483ce8fd1	bab5a247	2026-09-01	page->module	payments	financial	merge: page/payments into module/financial	Merge page/<<new-page>> into module/<<new-module>> (<<scope>>: <<feature>>)
c3b6582d86d74bdd1d7fa6764de3df69228e626c	c3b6582d	2026-09-01	page->module	wallet	financial	merge: page/wallet into module/financial	Merge page/<<new-page>> into module/<<new-module>> (<<scope>>: <<feature>>)
3f3c4d6ef1200fb6672b5a8b20863eda2b21734e	3f3c4d6e	2026-09-01	module->dev	menu	menu	merge: module/menu into dev (booking flow)	Merge module/<<new-module>> into dev (<<scope>>: <<feature>>)
54e4a63dc31635f1615ae21b97d341525876c8c1	54e4a63d	2026-09-01	page->module	booking-flow	menu	merge: page/booking-flow into module/menu	Merge page/<<new-page>> into module/<<new-module>> (<<scope>>: <<feature>>)
d60ccf498c60bf28750b4244fc9dde1484886e8b	d60ccf49	2026-09-01	module->dev	menu	menu	merge: module/menu into dev (providers page)	Merge module/<<new-module>> into dev (<<scope>>: <<feature>>)
3646e372439e136eb2264a4fcf4a99c0bfcf6645	3646e372	2026-09-01	page->module	providers	menu	merge: page/providers into module/menu	Merge page/<<new-page>> into module/<<new-module>> (<<scope>>: <<feature>>)
e85e8d358e44deaf3e7d8ced80dba752fa1d3327	e85e8d35	2026-09-01	module->dev	menu	menu	merge: module/menu into dev (services page)	Merge module/<<new-module>> into dev (<<scope>>: <<feature>>)
e56767280c2b00866d15c4f7657ac908f309e567	e5676728	2026-09-01	page->module	services	menu	merge: page/services into module/menu	Merge page/<<new-page>> into module/<<new-module>> (<<scope>>: <<feature>>)
3379cda98dcbd94f5b11daa15b0069221a8ca60b	3379cda9	2026-09-01	module->dev	menu	menu	merge: module/menu into dev (bookings page)	Merge module/<<new-module>> into dev (<<scope>>: <<feature>>)
f51d051c3c9af92011355766c42e19eeacd50c2c	f51d051c	2026-09-01	page->module	bookings	menu	merge: page/bookings into module/menu	Merge page/<<new-page>> into module/<<new-module>> (<<scope>>: <<feature>>)
